bank,id,issues
"sg_btt.json","sg_btt_0002","missing_media"
"sg_btt.json","sg_btt_0003","missing_media"
"sg_btt.json","sg_btt_0005","missing_media"
"sg_btt.json","sg_btt_0008","missing_media"
"sg_btt.json","sg_btt_0009","missing_media"
"sg_btt.json","sg_btt_0010","missing_media"
"sg_btt.json","sg_btt_0011","missing_media"
"sg_btt.json","sg_btt_0012","missing_media"
"sg_btt.json","sg_btt_0015","missing_media"
"sg_btt.json","sg_btt_0016","missing_media"
"sg_btt.json","sg_btt_0017","missing_media"
"sg_btt.json","sg_btt_0020","missing_media"
"sg_btt.json","sg_btt_0021","missing_media"
"sg_btt.json","sg_btt_0023","missing_media"
"sg_btt.json","sg_btt_0024","missing_media"
"sg_btt.json","sg_btt_0027","missing_media"
"sg_btt.json","sg_btt_0029","missing_media"
"sg_btt.json","sg_btt_0030","missing_media"
"sg_btt.json","sg_btt_0031","missing_media"
"sg_btt.json","sg_btt_0032","missing_media"
"sg_btt.json","sg_btt_0034","missing_media"
"sg_btt.json","sg_btt_0035","missing_media"
"sg_btt.json","sg_btt_0036","missing_media"
"sg_btt.json","sg_btt_0037","missing_media"
"sg_btt.json","sg_btt_0038","missing_media"
"sg_btt.json","sg_btt_0039","missing_media"
"sg_btt.json","sg_btt_0041","missing_media"
"sg_btt.json","sg_btt_0042","missing_media"
"sg_btt.json","sg_btt_0043","missing_media"
"sg_btt.json","sg_btt_0044","missing_media"
"sg_btt.json","sg_btt_0045","missing_media"
"sg_btt.json","sg_btt_0047","missing_media"
"sg_btt.json","sg_btt_0048","missing_media"
"sg_btt.json","sg_btt_0049","missing_media"
"sg_btt.json","sg_btt_0050","missing_media"
"sg_btt.json","sg_btt_0051","missing_media"
"sg_btt.json","sg_btt_0052","missing_media"
"sg_btt.json","sg_btt_0053","missing_media"
"sg_btt.json","sg_btt_0054","missing_media"
"sg_btt.json","sg_btt_0055","missing_media"
"sg_btt.json","sg_btt_0056","missing_media"
"sg_btt.json","sg_btt_0058","missing_media"
"sg_btt.json","sg_btt_0059","missing_media"
"sg_btt.json","sg_btt_0061","missing_media"
"sg_btt.json","sg_btt_0062","missing_media"
"sg_btt.json","sg_btt_0063","missing_media"
"sg_btt.json","sg_btt_0064","missing_media"
"sg_btt.json","sg_btt_0065","missing_media"
"sg_btt.json","sg_btt_0066","missing_media"
"sg_btt.json","sg_btt_0067","missing_media"
"sg_btt.json","sg_btt_0068","missing_media"
"sg_btt.json","sg_btt_0069","missing_media"
"sg_btt.json","sg_btt_0070","missing_media"
"sg_btt.json","sg_btt_0071","missing_media"
"sg_btt.json","sg_btt_0072","missing_media"
"sg_btt.json","sg_btt_0073","missing_media"
"sg_btt.json","sg_btt_0074","missing_media"
"sg_btt.json","sg_btt_0075","missing_media"
"sg_btt.json","sg_btt_0076","missing_media"
"sg_btt.json","sg_btt_0077","missing_media"
"sg_btt.json","sg_btt_0078","missing_media"
"sg_btt.json","sg_btt_0079","missing_media"
"sg_btt.json","sg_btt_0080","missing_media"
"sg_btt.json","sg_btt_0081","missing_media"
"sg_btt.json","sg_btt_0082","missing_media"
"sg_btt.json","sg_btt_0083","missing_media"
"sg_btt.json","sg_btt_0084","missing_media"
"sg_btt.json","sg_btt_0085","missing_media"
"sg_btt.json","sg_btt_0086","missing_media"
"sg_btt.json","sg_btt_0087","missing_media"
"sg_btt.json","sg_btt_0088","missing_media"
"sg_btt.json","sg_btt_0090","missing_media"
"sg_btt.json","sg_btt_0093","missing_media"
"sg_btt.json","sg_btt_0095","missing_media"
"sg_btt.json","sg_btt_0097","missing_media"
"sg_btt.json","sg_btt_0098","missing_media"
"sg_btt.json","sg_btt_0099","missing_media"
"sg_btt.json","sg_btt_0100","missing_media"
"sg_btt.json","sg_btt_0101","missing_media"
"sg_btt.json","sg_btt_0102","missing_media"
"sg_btt.json","sg_btt_0103","missing_media"
"sg_btt.json","sg_btt_0104","missing_media"
"sg_btt.json","sg_btt_0105","missing_media"
"sg_btt.json","sg_btt_0106","missing_media"
"sg_btt.json","sg_btt_0107","missing_media"
"sg_btt.json","sg_btt_0108","missing_media"
"sg_btt.json","sg_btt_0109","missing_media"
"sg_btt.json","sg_btt_0110","missing_media"
"sg_btt.json","sg_btt_0111","missing_media"
"sg_btt.json","sg_btt_0112","missing_media"
"sg_btt.json","sg_btt_0113","missing_media"
"sg_btt.json","sg_btt_0114","missing_media"
"sg_btt.json","sg_btt_0115","missing_media"
"sg_btt.json","sg_btt_0116","missing_media"
"sg_btt.json","sg_btt_0117","missing_media"
"sg_btt.json","sg_btt_0118","missing_media"
"sg_btt.json","sg_btt_0119","missing_media"
"sg_btt.json","sg_btt_0120","missing_media"
"sg_btt.json","sg_btt_0121","missing_media"
"sg_btt.json","sg_btt_0122","missing_media"
"sg_btt.json","sg_btt_0124","missing_media"
"sg_btt.json","sg_btt_0126","missing_media"
"sg_btt.json","sg_btt_0127","missing_media"
"sg_btt.json","sg_btt_0128","missing_media"
"sg_btt.json","sg_btt_0129","missing_media"
"sg_btt.json","sg_btt_0130","missing_media"
"sg_btt.json","sg_btt_0134","missing_media"
"sg_btt.json","sg_btt_0136","missing_media"
"sg_btt.json","sg_btt_0138","missing_media"
"sg_btt.json","sg_btt_0143","missing_media"
"sg_btt.json","sg_btt_0147","missing_media"
"sg_btt.json","sg_btt_0148","missing_media"
"sg_btt.json","sg_btt_0149","missing_media"
"sg_btt.json","sg_btt_0151","missing_media"
"sg_btt.json","sg_btt_0152","missing_media"
"sg_btt.json","sg_btt_0153","missing_media"
"sg_btt.json","sg_btt_0154","missing_media"
"sg_btt.json","sg_btt_0155","missing_media"
"sg_btt.json","sg_btt_0156","missing_media"
"sg_btt.json","sg_btt_0157","missing_media"
"sg_btt.json","sg_btt_0162","missing_media"
"sg_btt.json","sg_btt_0163","missing_media"
"sg_btt.json","sg_btt_0164","missing_media"
"sg_btt.json","sg_btt_0165","missing_media"
"sg_btt.json","sg_btt_0166","missing_media"
"sg_btt.json","sg_btt_0167","missing_media"
"sg_btt.json","sg_btt_0168","missing_media"
"sg_btt.json","sg_btt_0169","missing_media"
"sg_btt.json","sg_btt_0170","missing_media"
"sg_btt.json","sg_btt_0171","missing_media"
"sg_btt.json","sg_btt_0172","missing_media"
"sg_btt.json","sg_btt_0173","missing_media"
"sg_btt.json","sg_btt_0174","missing_media"
"sg_btt.json","sg_btt_0175","missing_media"
"sg_btt.json","sg_btt_0176","missing_media"
"sg_btt.json","sg_btt_0177","missing_media"
"sg_btt.json","sg_btt_0178","missing_media"
"sg_btt.json","sg_btt_0179","missing_media"
"sg_btt.json","sg_btt_0180","missing_media"
"sg_btt.json","sg_btt_0181","missing_media"
"sg_btt.json","sg_btt_0182","missing_media"
"sg_btt.json","sg_btt_0183","missing_media"
"sg_btt.json","sg_btt_0184","missing_media"
"sg_btt.json","sg_btt_0185","missing_media"
"sg_btt.json","sg_btt_0186","missing_media"
"sg_btt.json","sg_btt_0187","missing_media"
"sg_btt.json","sg_btt_0188","missing_media"
"sg_btt.json","sg_btt_0189","missing_media"
"sg_btt.json","sg_btt_0190","missing_media"
"sg_btt.json","sg_btt_0193","missing_media"
"sg_btt.json","sg_btt_0194","missing_media"
"sg_btt.json","sg_btt_0195","missing_media"
"sg_btt.json","sg_btt_0196","missing_media"
"sg_btt.json","sg_btt_0197","missing_media"
"sg_btt.json","sg_btt_0198","missing_media"
"sg_btt.json","sg_btt_0199","missing_media"
"sg_btt.json","sg_btt_0200","missing_media"
"sg_btt.json","sg_btt_0201","missing_media"
"sg_btt.json","sg_btt_0202","missing_media"
"sg_btt.json","sg_btt_0203","missing_media"
"sg_btt.json","sg_btt_0204","missing_media"
"sg_btt.json","sg_btt_0205","missing_media"
"sg_btt.json","sg_btt_0206","missing_media"
"sg_btt.json","sg_btt_0207","missing_media"
"sg_btt.json","sg_btt_0208","missing_media"
"sg_btt.json","sg_btt_0209","missing_media"
"sg_btt.json","sg_btt_0210","missing_media"
"sg_btt.json","sg_btt_0211","missing_media"
"sg_btt.json","sg_btt_0212","missing_media"
"sg_btt.json","sg_btt_0213","missing_media"
"sg_btt.json","sg_btt_0215","missing_media"
"sg_btt.json","sg_btt_0216","missing_media"
"sg_btt.json","sg_btt_0217","missing_media"
"sg_btt.json","sg_btt_0218","missing_media"
"sg_btt.json","sg_btt_0219","missing_media"
"sg_btt.json","sg_btt_0220","missing_media"
"sg_btt.json","sg_btt_0221","missing_media"
"sg_btt.json","sg_btt_0222","missing_media"
"sg_btt.json","sg_btt_0223","missing_media"
"sg_btt.json","sg_btt_0224","missing_media"
"sg_btt.json","sg_btt_0225","missing_media"
"sg_btt.json","sg_btt_0226","missing_media"
"sg_btt.json","sg_btt_0227","missing_media"
"sg_btt.json","sg_btt_0228","missing_media"
"sg_btt.json","sg_btt_0229","missing_media"
"sg_btt.json","sg_btt_0230","missing_media"
"sg_btt.json","sg_btt_0233","missing_media"
"sg_btt.json","sg_btt_0234","missing_media"
"sg_btt.json","sg_btt_0237","missing_media"
"sg_btt.json","sg_btt_0238","missing_media"
"sg_btt.json","sg_btt_0239","missing_media"
"sg_btt.json","sg_btt_0244","missing_media"
"sg_btt.json","sg_btt_0248","missing_media"
"sg_btt.json","sg_btt_0250","missing_media"
"sg_btt.json","sg_btt_0251","missing_media"
"sg_btt.json","sg_btt_0252","missing_media"
"sg_btt.json","sg_btt_0254","missing_media"
"sg_btt.json","sg_btt_0255","missing_media"
"sg_btt.json","sg_btt_0256","missing_media"
"sg_btt.json","sg_btt_0259","missing_media"
"sg_btt.json","sg_btt_0260","missing_media"
"sg_btt.json","sg_btt_0261","missing_media"
"sg_btt.json","sg_btt_0262","missing_media"
"sg_btt.json","sg_btt_0269","missing_media"
"sg_btt.json","sg_btt_0270","missing_media"
"sg_btt.json","sg_btt_0271","missing_media"
"sg_btt.json","sg_btt_0272","missing_media"
"sg_btt.json","sg_btt_0273","missing_media"
"sg_btt.json","sg_btt_0276","missing_media"
"sg_btt.json","sg_btt_0277","missing_media"
"sg_btt.json","sg_btt_0278","missing_media"
"sg_btt.json","sg_btt_0279","missing_media"
"sg_btt.json","sg_btt_0280","missing_media"
"sg_btt.json","sg_btt_0281","missing_media"
"sg_btt.json","sg_btt_0282","missing_media"
"sg_btt.json","sg_btt_0283","missing_media"
"sg_btt.json","sg_btt_0284","missing_media"
"sg_btt.json","sg_btt_0286","missing_media"
"sg_btt.json","sg_btt_0287","missing_media"
"sg_btt.json","sg_btt_0288","missing_media"
"sg_btt.json","sg_btt_0289","missing_media"
"sg_btt.json","sg_btt_0290","missing_media"
"sg_btt.json","sg_btt_0291","missing_media"
"sg_btt.json","sg_btt_0292","missing_media"
"sg_btt.json","sg_btt_0293","missing_media"
"sg_btt.json","sg_btt_0294","missing_media"
"sg_btt.json","sg_btt_0295","missing_media"
"sg_btt.json","sg_btt_0296","missing_media"
"sg_btt.json","sg_btt_0297","missing_media"
"sg_btt.json","sg_btt_0298","missing_media"
"sg_btt.json","sg_btt_0299","missing_media"
"sg_btt.json","sg_btt_0300","missing_media"
"sg_btt.json","sg_btt_0301","missing_media"
"sg_btt.json","sg_btt_0302","missing_media"
"sg_btt.json","sg_btt_0303","missing_media"
"sg_btt.json","sg_btt_0304","missing_media"
"sg_btt.json","sg_btt_0305","missing_media"
"sg_btt.json","sg_btt_0306","missing_media"
"sg_btt.json","sg_btt_0307","missing_media"
"sg_btt.json","sg_btt_0308","missing_media"
"sg_btt.json","sg_btt_0309","missing_media"
"sg_btt.json","sg_btt_0310","missing_media"
"sg_btt.json","sg_btt_0311","missing_media"
"sg_btt.json","sg_btt_0312","missing_media"
"sg_btt.json","sg_btt_0313","missing_media"
"sg_btt.json","sg_btt_0314","missing_media"
"sg_btt.json","sg_btt_0315","missing_media"
"sg_btt.json","sg_btt_0316","missing_media"
"sg_btt.json","sg_btt_0317","missing_media"
"sg_btt.json","sg_btt_0318","missing_media"
"sg_btt.json","sg_btt_0319","missing_media"
"sg_btt.json","sg_btt_0320","missing_media"
"sg_btt.json","sg_btt_0321","missing_media"
"sg_btt.json","sg_btt_0322","missing_media"
"sg_btt.json","sg_btt_0323","missing_media"
"sg_btt.json","sg_btt_0324","missing_media"
"sg_btt.json","sg_btt_0325","missing_media"
"sg_btt.json","sg_btt_0326","missing_media"
"sg_btt.json","sg_btt_0327","missing_media"
"sg_btt.json","sg_btt_0328","missing_media"
"sg_btt.json","sg_btt_0329","missing_media"
"sg_btt.json","sg_btt_0330","missing_media"
"sg_btt.json","sg_btt_0331","missing_media"
"sg_btt.json","sg_btt_0332","missing_media"
"sg_btt.json","sg_btt_0333","missing_media"
"sg_btt.json","sg_btt_0334","missing_media"
"sg_btt.json","sg_btt_0335","missing_media"
"sg_btt.json","sg_btt_0336","missing_media"
"sg_btt.json","sg_btt_0337","missing_media"
"sg_btt.json","sg_btt_0338","missing_media"
"sg_btt.json","sg_btt_0339","missing_media"
"sg_btt.json","sg_btt_0340","missing_media"
"sg_btt.json","sg_btt_0341","missing_media"
"sg_btt.json","sg_btt_0342","missing_media"
"sg_btt.json","sg_btt_0343","missing_media"
"sg_btt.json","sg_btt_0344","missing_media"
"sg_btt.json","sg_btt_0345","missing_media"
"sg_btt.json","sg_btt_0346","missing_media"
"sg_btt.json","sg_btt_0347","missing_media"
"sg_btt.json","sg_btt_0348","missing_media"
"sg_btt.json","sg_btt_0349","missing_media"
"sg_btt.json","sg_btt_0350","missing_media"
"sg_btt.json","sg_btt_0351","missing_media"
"sg_btt.json","sg_btt_0352","missing_media"
"sg_btt.json","sg_btt_0353","missing_media"
"sg_btt.json","sg_btt_0354","missing_media"
"sg_btt.json","sg_btt_0355","missing_media"
"sg_btt.json","sg_btt_0356","missing_media"
"sg_btt.json","sg_btt_0357","missing_media"
"sg_btt.json","sg_btt_0358","missing_media"
"sg_btt.json","sg_btt_0359","missing_media"
"sg_btt.json","sg_btt_0360","missing_media"
"sg_btt.json","sg_btt_0361","missing_media"
"sg_btt.json","sg_btt_0362","missing_media"
"sg_btt.json","sg_btt_0363","missing_media"
"sg_btt.json","sg_btt_0364","missing_media"
"sg_btt.json","sg_btt_0366","missing_media"
"sg_btt.json","sg_btt_0367","missing_media"
"sg_btt.json","sg_btt_0368","missing_media"
"sg_btt.json","sg_btt_0369","missing_media"
"sg_btt.json","sg_btt_0371","missing_media"
"sg_btt.json","sg_btt_0372","missing_media"
"sg_btt.json","sg_btt_0373","missing_media"
"sg_btt.json","sg_btt_0374","missing_media"
"sg_btt.json","sg_btt_0375","missing_media"
"sg_btt.json","sg_btt_0376","missing_media"
"sg_btt.json","sg_btt_0377","missing_media"
"sg_btt.json","sg_btt_0378","missing_media"
"sg_btt.json","sg_btt_0380","missing_media"
"sg_btt.json","sg_btt_0381","missing_media"
"sg_btt.json","sg_btt_0382","missing_media"
"sg_btt.json","sg_btt_0383","missing_media"
"sg_btt.json","sg_btt_0384","missing_media"
"sg_btt.json","sg_btt_0385","missing_media"
"sg_btt.json","sg_btt_0386","missing_media"
"sg_btt.json","sg_btt_0387","missing_media"
"sg_btt.json","sg_btt_0388","missing_media"
"sg_btt.json","sg_btt_0389","missing_media"
"sg_btt.json","sg_btt_0390","missing_media"
"sg_btt.json","sg_btt_0391","missing_media"
"sg_btt.json","sg_btt_0392","missing_media"
"sg_btt.json","sg_btt_0393","missing_media"
"sg_btt.json","sg_btt_0394","missing_media"
"sg_btt.json","sg_btt_0395","missing_media"
"sg_btt.json","sg_btt_0396","missing_media"
"sg_btt.json","sg_btt_0397","missing_media"
"sg_btt.json","sg_btt_0398","missing_media"
"sg_btt.json","sg_btt_0399","missing_media"
"sg_btt.json","sg_btt_0400","missing_media"
"sg_btt.json","sg_btt_0401","missing_media"
"sg_btt.json","sg_btt_0402","missing_media"
"sg_btt.json","sg_btt_0403","missing_media"
"sg_btt.json","sg_btt_0404","missing_media"
"sg_btt.json","sg_btt_0405","missing_media"
"sg_btt.json","sg_btt_0406","missing_media"
"sg_btt.json","sg_btt_0407","missing_media"
"sg_btt.json","sg_btt_0410","missing_media"
"sg_btt.json","sg_btt_0411","missing_media"
"sg_btt.json","sg_btt_0412","missing_media"
"sg_btt.json","sg_btt_0413","missing_media"
"sg_btt.json","sg_btt_0414","missing_media"
"sg_btt.json","sg_btt_0415","missing_media"
"sg_btt.json","sg_btt_0417","missing_media"
"sg_btt.json","sg_btt_0418","missing_media"
"sg_btt.json","sg_btt_0419","missing_media"
"sg_btt.json","sg_btt_0420","missing_media"
"sg_btt.json","sg_btt_0422","missing_media"
"sg_btt.json","sg_btt_0424","missing_media"
"sg_btt.json","sg_btt_0425","missing_media"
"sg_btt.json","sg_btt_0426","missing_media"
"sg_btt.json","sg_btt_0428","missing_media"
"sg_btt.json","sg_btt_0429","missing_media"
"sg_btt.json","sg_btt_0430","missing_media"
"sg_btt.json","sg_btt_0431","missing_media"
"sg_btt.json","sg_btt_0432","missing_media"
"sg_btt.json","sg_btt_0433","missing_media"
"sg_btt.json","sg_btt_0434","missing_media"
"sg_btt.json","sg_btt_0435","missing_media"
"sg_btt.json","sg_btt_0436","missing_media"
"sg_btt.json","sg_btt_0437","missing_media"
"sg_btt.json","sg_btt_0438","missing_media"
"sg_btt.json","sg_btt_0439","missing_media"
"sg_btt.json","sg_btt_0440","missing_media"
"sg_btt.json","sg_btt_0441","missing_media"
"sg_btt.json","sg_btt_0442","missing_media"
"sg_btt.json","sg_btt_0443","missing_media"
"sg_btt.json","sg_btt_0444","missing_media"
"sg_btt.json","sg_btt_0445","missing_media"
"sg_btt.json","sg_btt_0446","missing_media"
"sg_btt.json","sg_btt_0447","missing_media"
"sg_btt.json","sg_btt_0448","missing_media"
"sg_btt.json","sg_btt_0449","missing_media"
"sg_btt.json","sg_btt_0450","missing_media"
"sg_btt.json","sg_btt_0452","missing_media"
"sg_btt.json","sg_btt_0453","missing_media"
"sg_btt.json","sg_btt_0455","missing_media"
"sg_btt.json","sg_btt_0456","missing_media"
"sg_btt.json","sg_btt_0457","missing_media"
"sg_btt.json","sg_btt_0458","missing_media"
"sg_btt.json","sg_btt_0459","missing_media"
"sg_btt.json","sg_btt_0460","missing_media"
"sg_btt.json","sg_btt_0461","missing_media"
"sg_btt.json","sg_btt_0462","missing_media"
"sg_btt.json","sg_btt_0463","missing_media"
"sg_btt.json","sg_btt_0464","missing_media"
"sg_btt.json","sg_btt_0465","missing_media"
"sg_btt.json","sg_btt_0466","missing_media"
"sg_btt.json","sg_btt_0467","missing_media"
"sg_btt.json","sg_btt_0468","missing_media"
"sg_btt.json","sg_btt_0469","missing_media"
"sg_btt.json","sg_btt_0470","missing_media"
"sg_btt.json","sg_btt_0472","missing_media"
"sg_btt.json","sg_btt_0473","missing_media"
"sg_btt.json","sg_btt_0474","missing_media"
"sg_btt.json","sg_btt_0475","missing_media"
"sg_btt.json","sg_btt_0476","missing_media"
"sg_btt.json","sg_btt_0477","missing_media"
"sg_btt.json","sg_btt_0478","missing_media"
"sg_btt.json","sg_btt_0479","missing_media"
"sg_btt.json","sg_btt_0480","missing_media"
"sg_btt.json","sg_btt_0481","missing_media"
"sg_btt.json","sg_btt_0482","missing_media"
"sg_btt.json","sg_btt_0483","missing_media"
"sg_btt.json","sg_btt_0484","missing_media"
"sg_btt.json","sg_btt_0485","missing_media"
"sg_btt.json","sg_btt_0486","missing_media"
"sg_btt.json","sg_btt_0487","missing_media"
"sg_btt.json","sg_btt_0488","missing_media"
"sg_btt.json","sg_btt_0489","missing_media"
"sg_btt.json","sg_btt_0490","missing_media"
"sg_btt.json","sg_btt_0491","missing_media"
"sg_btt.json","sg_btt_0492","missing_media"
"sg_btt.json","sg_btt_0493","missing_media"
"sg_btt.json","sg_btt_0494","missing_media"
"sg_btt.json","sg_btt_0495","missing_media"
"sg_btt.json","sg_btt_0496","missing_media"
"sg_btt.json","sg_btt_0497","missing_media"
"sg_btt.json","sg_btt_0498","missing_media"
"sg_btt.json","sg_btt_0499","missing_media"
"sg_btt.json","sg_btt_0500","missing_media"
"sg_btt.json","sg_btt_0501","missing_media"
"sg_btt.json","sg_btt_0502","missing_media"
"sg_btt.json","sg_btt_0503","missing_media"
"sg_btt.json","sg_btt_0504","missing_media"
"sg_btt.json","sg_btt_0505","missing_media"
"sg_btt.json","sg_btt_0506","missing_media"
"sg_btt.json","sg_btt_0507","missing_media"
"sg_btt.json","sg_btt_0508","missing_media"
"sg_btt.json","sg_btt_0509","missing_media"
"sg_btt.json","sg_btt_0510","missing_media"
"sg_btt.json","sg_btt_0511","missing_media"
"sg_btt.json","sg_btt_0512","missing_media"
"sg_btt.json","sg_btt_0514","missing_media"
"sg_btt.json","sg_btt_0515","missing_media"
"sg_btt.json","sg_btt_0516","missing_media"
"sg_btt.json","sg_btt_0517","missing_media"
"sg_btt.json","sg_btt_0518","missing_media"
"sg_btt.json","sg_btt_0519","missing_media"
"sg_btt.json","sg_btt_0520","missing_media"
"sg_btt.json","sg_btt_0521","missing_media"
"sg_btt.json","sg_btt_0522","missing_media"
"sg_btt.json","sg_btt_0523","missing_media"
"sg_btt.json","sg_btt_0524","missing_media"
"sg_btt.json","sg_btt_0525","missing_media"
"sg_btt.json","sg_btt_0526","missing_media"
"sg_btt.json","sg_btt_0527","missing_media"
"sg_btt.json","sg_btt_0528","missing_media"
"sg_btt.json","sg_btt_0529","missing_media"
"sg_btt.json","sg_btt_0530","missing_media"
"sg_btt.json","sg_btt_0531","missing_media"
"sg_btt.json","sg_btt_0532","missing_media"
"sg_btt.json","sg_btt_0533","missing_media"
"sg_btt.json","sg_btt_0534","missing_media"
"sg_btt.json","sg_btt_0535","missing_media"
"sg_btt.json","sg_btt_0536","missing_media"
"sg_btt.json","sg_btt_0537","missing_media"
"sg_btt.json","sg_btt_0538","missing_media"
"sg_btt.json","sg_btt_0539","missing_media"
"sg_btt.json","sg_btt_0540","missing_media"
"sg_btt.json","sg_btt_0541","missing_media"
"sg_btt.json","sg_btt_0542","missing_media"
"sg_btt.json","sg_btt_0543","missing_media"
"sg_btt.json","sg_btt_0544","missing_media"
"sg_btt.json","sg_btt_0545","missing_media"
"sg_btt.json","sg_btt_0546","missing_media"
"sg_btt.json","sg_btt_0548","missing_media"
"sg_btt.json","sg_btt_0549","missing_media"
"sg_btt.json","sg_btt_0550","missing_media"
"sg_btt.json","sg_btt_0551","missing_media"
"sg_btt.json","sg_btt_0552","missing_media"
"sg_btt.json","sg_btt_0553","missing_media"
"sg_btt.json","sg_btt_0554","missing_media"
"sg_btt.json","sg_btt_0555","missing_media"
"sg_btt.json","sg_btt_0556","missing_media"
"sg_btt.json","sg_btt_0557","missing_media"
"sg_btt.json","sg_btt_0558","missing_media"
"sg_btt.json","sg_btt_0559","missing_media"
"sg_btt.json","sg_btt_0560","missing_media"
"sg_btt.json","sg_btt_0561","missing_media"
"sg_btt.json","sg_btt_0562","missing_media"
"sg_btt.json","sg_btt_0563","missing_media"
"sg_btt.json","sg_btt_0564","missing_media"
"sg_btt.json","sg_btt_0565","missing_media"
"sg_ftt.json","sg_ftt_0001","missing_media"
"sg_ftt.json","sg_ftt_0002","missing_media"
"sg_ftt.json","sg_ftt_0003","missing_media"
"sg_ftt.json","sg_ftt_0004","missing_media"
"sg_ftt.json","sg_ftt_0005","missing_media"
"sg_ftt.json","sg_ftt_0006","missing_media"
"sg_ftt.json","sg_ftt_0007","missing_media"
"sg_ftt.json","sg_ftt_0008","missing_media"
"sg_ftt.json","sg_ftt_0009","missing_media"
"sg_ftt.json","sg_ftt_0010","missing_media"
"sg_ftt.json","sg_ftt_0011","missing_media"
"sg_ftt.json","sg_ftt_0012","missing_media"
"sg_ftt.json","sg_ftt_0013","missing_media"
"sg_ftt.json","sg_ftt_0014","missing_media"
"sg_ftt.json","sg_ftt_0015","missing_media"
"sg_ftt.json","sg_ftt_0016","missing_media"
"sg_ftt.json","sg_ftt_0017","missing_media"
"sg_ftt.json","sg_ftt_0018","missing_media"
"sg_ftt.json","sg_ftt_0019","missing_media"
"sg_ftt.json","sg_ftt_0020","missing_media"
"sg_ftt.json","sg_ftt_0021","missing_media"
"sg_ftt.json","sg_ftt_0022","missing_media"
"sg_ftt.json","sg_ftt_0023","missing_media"
"sg_ftt.json","sg_ftt_0024","missing_media"
"sg_ftt.json","sg_ftt_0025","missing_media"
"sg_ftt.json","sg_ftt_0026","missing_media"
"sg_ftt.json","sg_ftt_0027","missing_media"
"sg_ftt.json","sg_ftt_0028","missing_media"
"sg_ftt.json","sg_ftt_0029","missing_media"
"sg_ftt.json","sg_ftt_0030","missing_media"
"sg_ftt.json","sg_ftt_0031","missing_media"
"sg_ftt.json","sg_ftt_0032","missing_media"
"sg_ftt.json","sg_ftt_0033","missing_media"
"sg_ftt.json","sg_ftt_0034","missing_media"
"sg_ftt.json","sg_ftt_0035","missing_media"
"sg_ftt.json","sg_ftt_0036","missing_media"
"sg_ftt.json","sg_ftt_0037","missing_media"
"sg_ftt.json","sg_ftt_0038","missing_media"
"sg_ftt.json","sg_ftt_0039","missing_media"
"sg_ftt.json","sg_ftt_0040","missing_media"
"sg_ftt.json","sg_ftt_0041","missing_media"
"sg_ftt.json","sg_ftt_0042","missing_media"
"sg_ftt.json","sg_ftt_0043","missing_media"
"sg_ftt.json","sg_ftt_0044","missing_media"
"sg_ftt.json","sg_ftt_0045","missing_media"
"sg_ftt.json","sg_ftt_0046","missing_media"
"sg_ftt.json","sg_ftt_0047","missing_media"
"sg_ftt.json","sg_ftt_0048","missing_media"
"sg_ftt.json","sg_ftt_0049","missing_media"
"sg_ftt.json","sg_ftt_0050","missing_media"
"sg_ftt.json","sg_ftt_0051","missing_media"
"sg_ftt.json","sg_ftt_0052","missing_media"
"sg_ftt.json","sg_ftt_0053","missing_media"
"sg_ftt.json","sg_ftt_0054","missing_media"
"sg_ftt.json","sg_ftt_0055","missing_media"
"sg_ftt.json","sg_ftt_0056","missing_media"
"sg_ftt.json","sg_ftt_0057","missing_media"
"sg_ftt.json","sg_ftt_0058","missing_media"
"sg_ftt.json","sg_ftt_0059","missing_media"
"sg_ftt.json","sg_ftt_0060","missing_media"
"sg_ftt.json","sg_ftt_0061","missing_media"
"sg_ftt.json","sg_ftt_0062","missing_media"
"sg_ftt.json","sg_ftt_0063","missing_media"
"sg_ftt.json","sg_ftt_0064","missing_media"
"sg_ftt.json","sg_ftt_0065","missing_media"
"sg_ftt.json","sg_ftt_0066","missing_media"
"sg_ftt.json","sg_ftt_0067","missing_media"
"sg_ftt.json","sg_ftt_0068","missing_media"
"sg_ftt.json","sg_ftt_0069","missing_media"
"sg_ftt.json","sg_ftt_0070","missing_media"
"sg_ftt.json","sg_ftt_0071","missing_media"
"sg_ftt.json","sg_ftt_0072","missing_media"
"sg_ftt.json","sg_ftt_0073","missing_media"
"sg_ftt.json","sg_ftt_0074","missing_media"
"sg_ftt.json","sg_ftt_0075","missing_media"
"sg_ftt.json","sg_ftt_0076","missing_media"
"sg_ftt.json","sg_ftt_0077","missing_media"
"sg_ftt.json","sg_ftt_0078","missing_media"
"sg_ftt.json","sg_ftt_0079","missing_media"
"sg_ftt.json","sg_ftt_0080","missing_media"
"sg_ftt.json","sg_ftt_0081","missing_media"
"sg_ftt.json","sg_ftt_0082","missing_media"
"sg_ftt.json","sg_ftt_0083","missing_media"
"sg_ftt.json","sg_ftt_0084","missing_media"
"sg_ftt.json","sg_ftt_0085","missing_media"
"sg_ftt.json","sg_ftt_0086","missing_media"
"sg_ftt.json","sg_ftt_0087","missing_media"
"sg_ftt.json","sg_ftt_0088","missing_media"
"sg_ftt.json","sg_ftt_0089","missing_media"
"sg_ftt.json","sg_ftt_0090","missing_media"
"sg_ftt.json","sg_ftt_0091","missing_media"
"sg_ftt.json","sg_ftt_0092","missing_media"
"sg_ftt.json","sg_ftt_0093","missing_media"
"sg_ftt.json","sg_ftt_0094","missing_media"
"sg_ftt.json","sg_ftt_0095","missing_media"
"sg_ftt.json","sg_ftt_0096","missing_media"
"sg_ftt.json","sg_ftt_0097","missing_media"
"sg_ftt.json","sg_ftt_0098","missing_media"
"sg_ftt.json","sg_ftt_0099","missing_media"
"sg_ftt.json","sg_ftt_0100","missing_media"
"sg_ftt.json","sg_ftt_0101","missing_media"
"sg_ftt.json","sg_ftt_0102","missing_media"
"sg_ftt.json","sg_ftt_0103","missing_media"
"sg_ftt.json","sg_ftt_0104","missing_media"
"sg_ftt.json","sg_ftt_0105","missing_media"
"sg_ftt.json","sg_ftt_0106","missing_media"
"sg_ftt.json","sg_ftt_0107","missing_media"
"sg_ftt.json","sg_ftt_0108","missing_media"
"sg_ftt.json","sg_ftt_0109","missing_media"
"sg_ftt.json","sg_ftt_0110","missing_media"
"sg_ftt.json","sg_ftt_0111","missing_media"
"sg_ftt.json","sg_ftt_0112","missing_media"
"sg_ftt.json","sg_ftt_0113","missing_media"
"sg_ftt.json","sg_ftt_0114","missing_media"
"sg_ftt.json","sg_ftt_0115","missing_media"
"sg_ftt.json","sg_ftt_0116","missing_media"
"sg_ftt.json","sg_ftt_0117","missing_media"
"sg_ftt.json","sg_ftt_0118","missing_media"
"sg_ftt.json","sg_ftt_0119","missing_media"
"sg_ftt.json","sg_ftt_0120","missing_media"
"sg_ftt.json","sg_ftt_0121","missing_media"
"sg_ftt.json","sg_ftt_0122","missing_media"
"sg_ftt.json","sg_ftt_0123","missing_media"
"sg_ftt.json","sg_ftt_0124","missing_media"
"sg_ftt.json","sg_ftt_0125","missing_media"
"sg_ftt.json","sg_ftt_0126","missing_media"
"sg_ftt.json","sg_ftt_0127","missing_media"
"sg_ftt.json","sg_ftt_0128","missing_media"
"sg_ftt.json","sg_ftt_0129","missing_media"
"sg_ftt.json","sg_ftt_0130","missing_media"
"sg_ftt.json","sg_ftt_0131","missing_media"
"sg_ftt.json","sg_ftt_0132","missing_media"
"sg_ftt.json","sg_ftt_0133","missing_media"
"sg_ftt.json","sg_ftt_0134","missing_media"
"sg_ftt.json","sg_ftt_0135","missing_media"
"sg_ftt.json","sg_ftt_0136","missing_media"
"sg_ftt.json","sg_ftt_0137","missing_media"
"sg_ftt.json","sg_ftt_0138","missing_media"
"sg_ftt.json","sg_ftt_0139","missing_media"
"sg_ftt.json","sg_ftt_0140","missing_media"
"sg_ftt.json","sg_ftt_0141","missing_media"
"sg_ftt.json","sg_ftt_0142","missing_media"
"sg_ftt.json","sg_ftt_0143","missing_media"
"sg_ftt.json","sg_ftt_0144","missing_media"
"sg_ftt.json","sg_ftt_0145","missing_media"
"sg_ftt.json","sg_ftt_0146","missing_media"
"sg_ftt.json","sg_ftt_0147","missing_media"
"sg_ftt.json","sg_ftt_0148","missing_media"
"sg_ftt.json","sg_ftt_0149","missing_media"
"sg_ftt.json","sg_ftt_0150","missing_media"
"sg_ftt.json","sg_ftt_0151","missing_media"
"sg_ftt.json","sg_ftt_0152","missing_media"
"sg_ftt.json","sg_ftt_0153","missing_media"
"sg_ftt.json","sg_ftt_0154","missing_media"
"sg_ftt.json","sg_ftt_0155","missing_media"
"sg_ftt.json","sg_ftt_0156","missing_media"
"sg_ftt.json","sg_ftt_0157","missing_media"
"sg_ftt.json","sg_ftt_0158","missing_media"
"sg_ftt.json","sg_ftt_0159","missing_media"
"sg_ftt.json","sg_ftt_0160","missing_media"
"sg_ftt.json","sg_ftt_0161","missing_media"
"sg_ftt.json","sg_ftt_0162","missing_media"
"sg_ftt.json","sg_ftt_0163","missing_media"
"sg_ftt.json","sg_ftt_0164","missing_media"
"sg_ftt.json","sg_ftt_0165","missing_media"
"sg_ftt.json","sg_ftt_0166","missing_media"
"sg_ftt.json","sg_ftt_0167","missing_media"
"sg_ftt.json","sg_ftt_0168","missing_media"
"sg_ftt.json","sg_ftt_0169","missing_media"
"sg_ftt.json","sg_ftt_0170","missing_media"
"sg_ftt.json","sg_ftt_0171","missing_media"
"sg_ftt.json","sg_ftt_0172","missing_media"
"sg_ftt.json","sg_ftt_0173","missing_media"
"sg_ftt.json","sg_ftt_0174","missing_media"
"sg_ftt.json","sg_ftt_0175","missing_media"
"sg_ftt.json","sg_ftt_0176","missing_media"
"sg_ftt.json","sg_ftt_0177","missing_media"
"sg_ftt.json","sg_ftt_0178","missing_media"
"sg_ftt.json","sg_ftt_0179","missing_media"
"sg_ftt.json","sg_ftt_0180","missing_media"
"sg_ftt.json","sg_ftt_0181","missing_media"
"sg_ftt.json","sg_ftt_0182","missing_media"
"sg_ftt.json","sg_ftt_0183","missing_media"
"sg_ftt.json","sg_ftt_0184","missing_media"
"sg_ftt.json","sg_ftt_0185","missing_media"
"sg_ftt.json","sg_ftt_0186","missing_media"
"sg_ftt.json","sg_ftt_0187","missing_media"
"sg_ftt.json","sg_ftt_0188","missing_media"
"sg_ftt.json","sg_ftt_0189","missing_media"
"sg_ftt.json","sg_ftt_0190","missing_media"
"sg_ftt.json","sg_ftt_0191","missing_media"
"sg_ftt.json","sg_ftt_0192","missing_media"
"sg_ftt.json","sg_ftt_0193","missing_media"
"sg_ftt.json","sg_ftt_0194","missing_media"
"sg_ftt.json","sg_ftt_0195","missing_media"
"sg_ftt.json","sg_ftt_0196","missing_media"
"sg_ftt.json","sg_ftt_0197","missing_media"
"sg_ftt.json","sg_ftt_0198","missing_media"
"sg_ftt.json","sg_ftt_0199","missing_media"
"sg_ftt.json","sg_ftt_0200","missing_media"
"sg_ftt.json","sg_ftt_0201","missing_media"
"sg_ftt.json","sg_ftt_0202","missing_media"
"sg_ftt.json","sg_ftt_0203","missing_media"
"sg_ftt.json","sg_ftt_0204","missing_media"
"sg_ftt.json","sg_ftt_0205","missing_media"
"sg_ftt.json","sg_ftt_0206","missing_media"
"sg_ftt.json","sg_ftt_0207","missing_media"
"sg_ftt.json","sg_ftt_0208","missing_media"
"sg_ftt.json","sg_ftt_0209","missing_media"
"sg_ftt.json","sg_ftt_0210","missing_media"
"sg_ftt.json","sg_ftt_0211","missing_media"
"sg_ftt.json","sg_ftt_0212","missing_media"
"sg_ftt.json","sg_ftt_0213","missing_media"
"sg_ftt.json","sg_ftt_0214","missing_media"
"sg_ftt.json","sg_ftt_0215","missing_media"
"sg_ftt.json","sg_ftt_0216","missing_media"
"sg_ftt.json","sg_ftt_0217","missing_media"
"sg_ftt.json","sg_ftt_0218","missing_media"
"sg_ftt.json","sg_ftt_0219","missing_media"
"sg_ftt.json","sg_ftt_0220","missing_media"
"sg_ftt.json","sg_ftt_0221","missing_media"
"sg_ftt.json","sg_ftt_0222","missing_media"
"sg_ftt.json","sg_ftt_0223","missing_media"
"sg_ftt.json","sg_ftt_0224","missing_media"
"sg_ftt.json","sg_ftt_0225","missing_media"
"sg_ftt.json","sg_ftt_0226","missing_media"
"sg_ftt.json","sg_ftt_0227","missing_media"
"sg_ftt.json","sg_ftt_0228","missing_media"
"sg_ftt.json","sg_ftt_0229","missing_media"
"sg_ftt.json","sg_ftt_0230","missing_media"
"sg_ftt.json","sg_ftt_0231","missing_media"
"sg_ftt.json","sg_ftt_0232","missing_media"
"sg_ftt.json","sg_ftt_0233","missing_media"
"sg_ftt.json","sg_ftt_0234","missing_media"
"sg_ftt.json","sg_ftt_0235","missing_media"
"sg_ftt.json","sg_ftt_0236","missing_media"
"sg_ftt.json","sg_ftt_0237","missing_media"
"sg_ftt.json","sg_ftt_0238","missing_media"
"sg_ftt.json","sg_ftt_0239","missing_media"
"sg_ftt.json","sg_ftt_0240","missing_media"
"sg_ftt.json","sg_ftt_0241","missing_media"
"sg_ftt.json","sg_ftt_0242","missing_media"
"sg_ftt.json","sg_ftt_0243","missing_media"
"sg_ftt.json","sg_ftt_0244","missing_media"
"sg_ftt.json","sg_ftt_0245","missing_media"
"sg_ftt.json","sg_ftt_0246","missing_media"
"sg_ftt.json","sg_ftt_0247","missing_media"
"sg_ftt.json","sg_ftt_0248","missing_media"
"sg_ftt.json","sg_ftt_0249","missing_media"
"sg_ftt.json","sg_ftt_0250","missing_media"
"sg_ftt.json","sg_ftt_0251","missing_media"
"sg_ftt.json","sg_ftt_0252","missing_media"
"sg_ftt.json","sg_ftt_0253","missing_media"
"sg_ftt.json","sg_ftt_0254","missing_media"
"sg_ftt.json","sg_ftt_0255","missing_media"
"sg_ftt.json","sg_ftt_0256","missing_media"
"sg_ftt.json","sg_ftt_0257","missing_media"
"sg_ftt.json","sg_ftt_0258","missing_media"
"sg_ftt.json","sg_ftt_0259","missing_media"
"sg_ftt.json","sg_ftt_0260","missing_media"
"sg_ftt.json","sg_ftt_0261","missing_media"
"sg_ftt.json","sg_ftt_0262","missing_media"
"sg_ftt.json","sg_ftt_0263","missing_media"
"sg_ftt.json","sg_ftt_0264","missing_media"
"sg_ftt.json","sg_ftt_0265","missing_media"
"sg_ftt.json","sg_ftt_0266","missing_media"
"sg_ftt.json","sg_ftt_0267","missing_media"
"sg_ftt.json","sg_ftt_0268","missing_media"
"sg_ftt.json","sg_ftt_0269","missing_media"
"sg_ftt.json","sg_ftt_0270","missing_media"
"sg_ftt.json","sg_ftt_0271","missing_media"
"sg_ftt.json","sg_ftt_0272","missing_media"
"sg_ftt.json","sg_ftt_0273","missing_media"
"sg_ftt.json","sg_ftt_0274","missing_media"
"sg_ftt.json","sg_ftt_0275","missing_media"
"sg_ftt.json","sg_ftt_0276","missing_media"
"sg_ftt.json","sg_ftt_0277","missing_media"
"sg_ftt.json","sg_ftt_0278","missing_media"
"sg_ftt.json","sg_ftt_0279","missing_media"
"sg_ftt.json","sg_ftt_0280","missing_media"
"sg_ftt.json","sg_ftt_0281","missing_media"
"sg_ftt.json","sg_ftt_0282","missing_media"
"sg_ftt.json","sg_ftt_0283","missing_media"
"sg_ftt.json","sg_ftt_0284","missing_media"
"sg_ftt.json","sg_ftt_0285","missing_media"
"sg_ftt.json","sg_ftt_0286","missing_media"
"sg_ftt.json","sg_ftt_0287","missing_media"
"sg_ftt.json","sg_ftt_0288","missing_media"
"sg_ftt.json","sg_ftt_0289","missing_media"
"sg_ftt.json","sg_ftt_0290","missing_media"
"sg_ftt.json","sg_ftt_0291","missing_media"
"sg_ftt.json","sg_ftt_0292","missing_media"
"sg_ftt.json","sg_ftt_0293","missing_media"
"sg_ftt.json","sg_ftt_0294","missing_media"
"sg_ftt.json","sg_ftt_0295","missing_media"
"sg_ftt.json","sg_ftt_0296","missing_media"
"sg_ftt.json","sg_ftt_0297","missing_media"
"sg_ftt.json","sg_ftt_0298","missing_media"
"sg_ftt.json","sg_ftt_0299","missing_media"
"sg_ftt.json","sg_ftt_0300","missing_media"
"sg_ftt.json","sg_ftt_0301","missing_media"
"sg_ftt.json","sg_ftt_0302","missing_media"
"sg_ftt.json","sg_ftt_0303","missing_media"
"sg_ftt.json","sg_ftt_0304","missing_media"
"sg_ftt.json","sg_ftt_0305","missing_media"
"sg_ftt.json","sg_ftt_0306","missing_media"
"sg_ftt.json","sg_ftt_0307","missing_media"
"sg_ftt.json","sg_ftt_0308","missing_media"
"sg_ftt.json","sg_ftt_0309","missing_media"
"sg_ftt.json","sg_ftt_0310","missing_media"
"sg_ftt.json","sg_ftt_0311","missing_media"
"sg_ftt.json","sg_ftt_0312","missing_media"
"sg_ftt.json","sg_ftt_0313","missing_media"
"sg_ftt.json","sg_ftt_0314","missing_media"
"sg_ftt.json","sg_ftt_0315","missing_media"
"sg_ftt.json","sg_ftt_0316","missing_media"
"sg_ftt.json","sg_ftt_0317","missing_media"
"sg_ftt.json","sg_ftt_0318","missing_media"
"sg_ftt.json","sg_ftt_0319","missing_media"
"sg_ftt.json","sg_ftt_0320","missing_media"
"sg_ftt.json","sg_ftt_0321","missing_media"
"sg_ftt.json","sg_ftt_0322","missing_media"
"sg_ftt.json","sg_ftt_0323","missing_media"
"sg_ftt.json","sg_ftt_0324","missing_media"
"sg_ftt.json","sg_ftt_0325","missing_media"
"sg_ftt.json","sg_ftt_0326","missing_media"
"sg_ftt.json","sg_ftt_0327","missing_media"
"sg_ftt.json","sg_ftt_0328","missing_media"
"sg_ftt.json","sg_ftt_0329","missing_media"
"sg_ftt.json","sg_ftt_0330","missing_media"
"sg_ftt.json","sg_ftt_0331","missing_media"
"sg_ftt.json","sg_ftt_0332","missing_media"
"sg_ftt.json","sg_ftt_0333","missing_media"
"sg_ftt.json","sg_ftt_0334","missing_media"
"sg_ftt.json","sg_ftt_0335","missing_media"
"sg_ftt.json","sg_ftt_0336","missing_media"
"sg_ftt.json","sg_ftt_0337","missing_media"
"sg_ftt.json","sg_ftt_0338","missing_media"
"sg_ftt.json","sg_ftt_0339","missing_media"
"sg_ftt.json","sg_ftt_0340","missing_media"
"sg_ftt.json","sg_ftt_0341","missing_media"
"sg_ftt.json","sg_ftt_0342","missing_media"
"sg_ftt.json","sg_ftt_0343","missing_media"
"sg_ftt.json","sg_ftt_0344","missing_media"
"sg_ftt.json","sg_ftt_0345","missing_media"
"sg_ftt.json","sg_ftt_0346","missing_media"
"sg_ftt.json","sg_ftt_0347","missing_media"
"sg_ftt.json","sg_ftt_0348","missing_media"
"sg_ftt.json","sg_ftt_0349","missing_media"
"sg_ftt.json","sg_ftt_0350","missing_media"
"sg_ftt.json","sg_ftt_0351","missing_media"
"sg_ftt.json","sg_ftt_0352","missing_media"
"sg_ftt.json","sg_ftt_0353","missing_media"
"sg_ftt.json","sg_ftt_0354","missing_media"
"sg_ftt.json","sg_ftt_0355","missing_media"
"sg_ftt.json","sg_ftt_0356","missing_media"
"sg_ftt.json","sg_ftt_0357","missing_media"
"sg_ftt.json","sg_ftt_0358","missing_media"
"sg_ftt.json","sg_ftt_0359","missing_media"
"sg_ftt.json","sg_ftt_0360","missing_media"
"sg_ftt.json","sg_ftt_0361","missing_media"
"sg_ftt.json","sg_ftt_0362","missing_media"
"sg_ftt.json","sg_ftt_0363","missing_media"
"sg_ftt.json","sg_ftt_0364","missing_media"
"sg_ftt.json","sg_ftt_0365","missing_media"
"sg_ftt.json","sg_ftt_0366","missing_media"
"sg_ftt.json","sg_ftt_0367","missing_media"
"sg_ftt.json","sg_ftt_0368","missing_media"
"sg_ftt.json","sg_ftt_0369","missing_media"
"sg_ftt.json","sg_ftt_0370","missing_media"
"sg_ftt.json","sg_ftt_0371","missing_media"
"sg_ftt.json","sg_ftt_0372","missing_media"
"sg_ftt.json","sg_ftt_0373","missing_media"
"sg_ftt.json","sg_ftt_0374","missing_media"
"sg_ftt.json","sg_ftt_0375","missing_media"
"sg_ftt.json","sg_ftt_0376","missing_media"
"sg_ftt.json","sg_ftt_0377","missing_media"
"sg_ftt.json","sg_ftt_0378","missing_media"
"sg_ftt.json","sg_ftt_0379","missing_media"
"sg_ftt.json","sg_ftt_0380","missing_media"
"sg_ftt.json","sg_ftt_0381","missing_media"
"sg_ftt.json","sg_ftt_0382","missing_media"
"sg_ftt.json","sg_ftt_0383","missing_media"
"sg_ftt.json","sg_ftt_0384","missing_media"
"sg_ftt.json","sg_ftt_0385","missing_media"
"sg_ftt.json","sg_ftt_0386","missing_media"
"sg_ftt.json","sg_ftt_0387","missing_media"
"sg_ftt.json","sg_ftt_0388","missing_media"
"sg_ftt.json","sg_ftt_0389","missing_media"
"sg_ftt.json","sg_ftt_0390","missing_media"
"sg_ftt.json","sg_ftt_0391","missing_media"
"sg_ftt.json","sg_ftt_0392","missing_media"
"sg_ftt.json","sg_ftt_0393","missing_media"
"sg_ftt.json","sg_ftt_0394","missing_media"
"sg_ftt.json","sg_ftt_0395","missing_media"
"sg_ftt.json","sg_ftt_0396","missing_media"
"sg_ftt.json","sg_ftt_0397","missing_media"
"sg_ftt.json","sg_ftt_0398","missing_media"
"sg_ftt.json","sg_ftt_0399","missing_media"
"sg_ftt.json","sg_ftt_0400","missing_media"
"sg_ftt.json","sg_ftt_0401","missing_media"
"sg_ftt.json","sg_ftt_0402","missing_media"
"sg_ftt.json","sg_ftt_0403","missing_media"
"sg_ftt.json","sg_ftt_0404","missing_media"
"sg_ftt.json","sg_ftt_0405","missing_media"
"sg_ftt.json","sg_ftt_0406","missing_media"
"sg_ftt.json","sg_ftt_0407","missing_media"
"sg_ftt.json","sg_ftt_0408","missing_media"
"sg_ftt.json","sg_ftt_0409","missing_media"
"sg_ftt.json","sg_ftt_0410","missing_media"
"sg_ftt.json","sg_ftt_0411","missing_media"
"sg_ftt.json","sg_ftt_0412","missing_media"
"sg_ftt.json","sg_ftt_0413","missing_media"
"sg_ftt.json","sg_ftt_0414","missing_media"
"sg_ftt.json","sg_ftt_0415","missing_media"
"sg_ftt.json","sg_ftt_0416","missing_media"
"sg_ftt.json","sg_ftt_0417","missing_media"
"sg_ftt.json","sg_ftt_0418","missing_media"
"sg_ftt.json","sg_ftt_0419","missing_media"
"sg_ftt.json","sg_ftt_0420","missing_media"
"sg_ftt.json","sg_ftt_0421","missing_media"
"sg_ftt.json","sg_ftt_0422","missing_media"
"sg_ftt.json","sg_ftt_0423","missing_media"
"sg_ftt.json","sg_ftt_0424","missing_media"
"sg_ftt.json","sg_ftt_0425","missing_media"
"sg_ftt.json","sg_ftt_0426","missing_media"
"sg_ftt.json","sg_ftt_0427","missing_media"
"sg_ftt.json","sg_ftt_0428","missing_media"
"sg_ftt.json","sg_ftt_0429","missing_media"
"sg_ftt.json","sg_ftt_0430","missing_media"
"sg_ftt.json","sg_ftt_0431","missing_media"
"sg_ftt.json","sg_ftt_0432","missing_media"
"sg_ftt.json","sg_ftt_0433","missing_media"
"sg_ftt.json","sg_ftt_0434","missing_media"
"sg_ftt.json","sg_ftt_0435","missing_media"
"sg_ftt.json","sg_ftt_0436","missing_media"
"sg_ftt.json","sg_ftt_0437","missing_media"
"sg_ftt.json","sg_ftt_0438","missing_media"
"sg_ftt.json","sg_ftt_0439","missing_media"
"sg_ftt.json","sg_ftt_0440","missing_media"
"sg_ftt.json","sg_ftt_0441","missing_media"
"sg_ftt.json","sg_ftt_0442","missing_media"
"sg_ftt.json","sg_ftt_0443","missing_media"
"sg_ftt.json","sg_ftt_0444","missing_media"
"sg_ftt.json","sg_ftt_0445","missing_media"
"sg_ftt.json","sg_ftt_0446","missing_media"
"sg_ftt.json","sg_ftt_0447","missing_media"
"sg_ftt.json","sg_ftt_0448","missing_media"
"sg_ftt.json","sg_ftt_0449","missing_media"
"sg_ftt.json","sg_ftt_0450","missing_media"
"sg_ftt.json","sg_ftt_0451","missing_media"
"sg_ftt.json","sg_ftt_0452","missing_media"
"sg_ftt.json","sg_ftt_0453","missing_media"
"sg_ftt.json","sg_ftt_0454","missing_media"
"sg_ftt.json","sg_ftt_0455","missing_media"
"sg_ftt.json","sg_ftt_0456","missing_media"
"sg_ftt.json","sg_ftt_0457","missing_media"
"sg_ftt.json","sg_ftt_0458","missing_media"
"sg_ftt.json","sg_ftt_0459","missing_media"
"sg_ftt.json","sg_ftt_0460","missing_media"
"sg_ftt.json","sg_ftt_0461","missing_media"
"sg_ftt.json","sg_ftt_0462","missing_media"
"sg_ftt.json","sg_ftt_0463","missing_media"
"sg_ftt.json","sg_ftt_0464","missing_media"
"sg_ftt.json","sg_ftt_0465","missing_media"
"sg_ftt.json","sg_ftt_0466","missing_media"
"sg_ftt.json","sg_ftt_0467","missing_media"
"sg_ftt.json","sg_ftt_0468","missing_media"
"sg_ftt.json","sg_ftt_0469","missing_media"
"sg_ftt.json","sg_ftt_0470","missing_media"
"sg_ftt.json","sg_ftt_0471","missing_media"
"sg_ftt.json","sg_ftt_0472","missing_media"
"sg_ftt.json","sg_ftt_0473","missing_media"
"sg_ftt.json","sg_ftt_0474","missing_media"
"sg_ftt.json","sg_ftt_0475","missing_media"
"sg_ftt.json","sg_ftt_0476","missing_media"
"sg_ftt.json","sg_ftt_0477","missing_media"
"sg_ftt.json","sg_ftt_0478","missing_media"
"sg_ftt.json","sg_ftt_0479","missing_media"
"sg_ftt.json","sg_ftt_0480","missing_media"
"sg_ftt.json","sg_ftt_0481","missing_media"
"sg_ftt.json","sg_ftt_0482","missing_media"
"sg_ftt.json","sg_ftt_0483","missing_media"
"sg_ftt.json","sg_ftt_0484","missing_media"
"sg_ftt.json","sg_ftt_0485","missing_media"
"sg_ftt.json","sg_ftt_0486","missing_media"
"sg_ftt.json","sg_ftt_0487","missing_media"
"sg_ftt.json","sg_ftt_0488","missing_media"
"sg_ftt.json","sg_ftt_0489","missing_media"
"sg_ftt.json","sg_ftt_0490","missing_media"
"sg_ftt.json","sg_ftt_0491","missing_media"
"sg_ftt.json","sg_ftt_0492","missing_media"
"sg_ftt.json","sg_ftt_0493","missing_media"
"sg_ftt.json","sg_ftt_0494","missing_media"
"sg_ftt.json","sg_ftt_0495","missing_media"
"sg_ftt.json","sg_ftt_0496","missing_media"
"sg_ftt.json","sg_ftt_0497","missing_media"
"sg_ftt.json","sg_ftt_0498","missing_media"
"sg_ftt.json","sg_ftt_0499","missing_media"
"sg_ftt.json","sg_ftt_0500","missing_media"
"sg_ftt.json","sg_ftt_0501","missing_media"
"sg_ftt.json","sg_ftt_0502","missing_media"
"sg_ftt.json","sg_ftt_0503","missing_media"
"sg_ftt.json","sg_ftt_0504","missing_media"
"sg_ftt.json","sg_ftt_0505","missing_media"
"sg_ftt.json","sg_ftt_0506","missing_media"
"sg_ftt.json","sg_ftt_0507","missing_media"
"sg_ftt.json","sg_ftt_0508","missing_media"
"sg_ftt.json","sg_ftt_0509","missing_media"
"sg_ftt.json","sg_ftt_0510","missing_media"
"sg_ftt.json","sg_ftt_0511","missing_media"
"sg_ftt.json","sg_ftt_0512","missing_media"
"sg_ftt.json","sg_ftt_0513","missing_media"
"sg_ftt.json","sg_ftt_0514","missing_media"
"sg_ftt.json","sg_ftt_0515","missing_media"
"sg_ftt.json","sg_ftt_0516","missing_media"
"sg_rtt.json","sg_rtt_0001","missing_media"
"sg_rtt.json","sg_rtt_0002","missing_media"
"sg_rtt.json","sg_rtt_0003","missing_media"
"sg_rtt.json","sg_rtt_0004","missing_media"
"sg_rtt.json","sg_rtt_0005","missing_media"
"sg_rtt.json","sg_rtt_0006","missing_media"
"sg_rtt.json","sg_rtt_0007","missing_media"
"sg_rtt.json","sg_rtt_0008","missing_media"
"sg_rtt.json","sg_rtt_0009","missing_media"
"sg_rtt.json","sg_rtt_0010","missing_media"
"sg_rtt.json","sg_rtt_0011","missing_media"
"sg_rtt.json","sg_rtt_0012","missing_media"
"sg_rtt.json","sg_rtt_0013","missing_media"
"sg_rtt.json","sg_rtt_0014","missing_media"
"sg_rtt.json","sg_rtt_0015","missing_media"
"sg_rtt.json","sg_rtt_0016","missing_media"
"sg_rtt.json","sg_rtt_0017","missing_media"
"sg_rtt.json","sg_rtt_0018","missing_media"
"sg_rtt.json","sg_rtt_0019","missing_media"
"sg_rtt.json","sg_rtt_0020","missing_media"
"sg_rtt.json","sg_rtt_0021","missing_media"
"sg_rtt.json","sg_rtt_0022","missing_media"
"sg_rtt.json","sg_rtt_0023","missing_media"
"sg_rtt.json","sg_rtt_0024","missing_media"
"sg_rtt.json","sg_rtt_0025","missing_media"
"sg_rtt.json","sg_rtt_0026","missing_media"
"sg_rtt.json","sg_rtt_0027","missing_media"
"sg_rtt.json","sg_rtt_0028","missing_media"
"sg_rtt.json","sg_rtt_0029","missing_media"
"sg_rtt.json","sg_rtt_0030","missing_media"
"sg_rtt.json","sg_rtt_0031","missing_media"
"sg_rtt.json","sg_rtt_0032","missing_media"
"sg_rtt.json","sg_rtt_0033","missing_media"
"sg_rtt.json","sg_rtt_0034","missing_media"
"sg_rtt.json","sg_rtt_0035","missing_media"
"sg_rtt.json","sg_rtt_0036","missing_media"
"sg_rtt.json","sg_rtt_0037","missing_media"
"sg_rtt.json","sg_rtt_0038","missing_media"
"sg_rtt.json","sg_rtt_0039","missing_media"
"sg_rtt.json","sg_rtt_0040","missing_media"
"sg_rtt.json","sg_rtt_0041","missing_media"
"sg_rtt.json","sg_rtt_0042","missing_media"
"sg_rtt.json","sg_rtt_0043","missing_media"
"sg_rtt.json","sg_rtt_0044","missing_media"
"sg_rtt.json","sg_rtt_0045","missing_media"
"sg_rtt.json","sg_rtt_0046","missing_media"
"sg_rtt.json","sg_rtt_0047","missing_media"
"sg_rtt.json","sg_rtt_0048","missing_media"
"sg_rtt.json","sg_rtt_0049","missing_media"
"sg_rtt.json","sg_rtt_0050","missing_media"
"sg_rtt.json","sg_rtt_0051","missing_media"
"sg_rtt.json","sg_rtt_0052","missing_media"
"sg_rtt.json","sg_rtt_0053","missing_media"
"sg_rtt.json","sg_rtt_0054","missing_media"
"sg_rtt.json","sg_rtt_0055","missing_media"
"sg_rtt.json","sg_rtt_0056","missing_media"
"sg_rtt.json","sg_rtt_0057","missing_media"
"sg_rtt.json","sg_rtt_0058","missing_media"
"sg_rtt.json","sg_rtt_0059","missing_media"
"sg_rtt.json","sg_rtt_0060","missing_media"
"sg_rtt.json","sg_rtt_0061","missing_media"
"sg_rtt.json","sg_rtt_0062","missing_media"
"sg_rtt.json","sg_rtt_0063","missing_media"
"sg_rtt.json","sg_rtt_0064","missing_media"
"sg_rtt.json","sg_rtt_0065","missing_media"
"sg_rtt.json","sg_rtt_0066","missing_media"
"sg_rtt.json","sg_rtt_0067","missing_media"
"sg_rtt.json","sg_rtt_0068","missing_media"
"sg_rtt.json","sg_rtt_0069","missing_media"
"sg_rtt.json","sg_rtt_0070","missing_media"
"sg_rtt.json","sg_rtt_0071","missing_media"
"sg_rtt.json","sg_rtt_0072","missing_media"
"sg_rtt.json","sg_rtt_0073","missing_media"
"sg_rtt.json","sg_rtt_0074","missing_media"
"sg_rtt.json","sg_rtt_0075","missing_media"
"sg_rtt.json","sg_rtt_0076","missing_media"
"sg_rtt.json","sg_rtt_0077","missing_media"
"sg_rtt.json","sg_rtt_0078","missing_media"
"sg_rtt.json","sg_rtt_0079","missing_media"
"sg_rtt.json","sg_rtt_0080","missing_media"
"sg_rtt.json","sg_rtt_0081","missing_media"
"sg_rtt.json","sg_rtt_0082","missing_media"
"sg_rtt.json","sg_rtt_0083","missing_media"
"sg_rtt.json","sg_rtt_0084","missing_media"
"sg_rtt.json","sg_rtt_0085","missing_media"
"sg_rtt.json","sg_rtt_0086","missing_media"
"sg_rtt.json","sg_rtt_0087","missing_media"
"sg_rtt.json","sg_rtt_0088","missing_media"
"sg_rtt.json","sg_rtt_0089","missing_media"
"sg_rtt.json","sg_rtt_0090","missing_media"
"sg_rtt.json","sg_rtt_0091","missing_media"
"sg_rtt.json","sg_rtt_0092","missing_media"
"sg_rtt.json","sg_rtt_0093","missing_media"
"sg_rtt.json","sg_rtt_0094","missing_media"
"sg_rtt.json","sg_rtt_0095","missing_media"
"sg_rtt.json","sg_rtt_0096","missing_media"
"sg_rtt.json","sg_rtt_0097","missing_media"
"sg_rtt.json","sg_rtt_0098","missing_media"
"sg_rtt.json","sg_rtt_0099","missing_media"
"sg_rtt.json","sg_rtt_0100","missing_media"
"sg_rtt.json","sg_rtt_0101","missing_media"
"sg_rtt.json","sg_rtt_0102","missing_media"
"sg_rtt.json","sg_rtt_0103","missing_media"
"sg_rtt.json","sg_rtt_0104","missing_media"
"sg_rtt.json","sg_rtt_0105","missing_media"
"sg_rtt.json","sg_rtt_0106","missing_media"
"sg_rtt.json","sg_rtt_0107","missing_media"
"sg_rtt.json","sg_rtt_0109","missing_media"
"sg_rtt.json","sg_rtt_0110","missing_media"
